,media_name_normalized,count,median_char_len,median_word_count,date_min,date_max,date_span_days,percentage,percentage_cum_sum
39,elespanol.com,107723,3893.0,649.0,2004-04-15 00:00:00,2026-05-20 13:02:00,8070,25.60078901088455,25.60078901088455
66,larazon.pe,26734,3119.0,514.0,2019-08-12 00:06:55,2026-05-20 14:16:42,2473,6.353438851656447,31.954227862540996
52,finanzas.abc.es,19492,3817.0,637.0,2007-03-19 09:44:39,2024-11-28 04:26:25,6463,4.632349446266457,36.586577308807456
87,motor.elpais.com,15311,5643.0,935.0,2002-06-20 00:00:00,2026-05-07 00:00:00,8722,3.6387185702742526,40.225295879081706
36,eldiario.es,15038,5839.0,963.0,2015-07-14 08:32:10,2026-05-20 12:35:07,3963,3.5738390607918626,43.79913493987357
224,www.latribunadetoledo.es,14463,3170.0,526.0,2023-06-05 05:00:00,2026-05-20 22:22:29,1080,3.4371880792813343,47.2363230191549
48,empleo.eldiario.es,14012,3721.0,615.0,2000-10-12 00:00:00,2026-06-24 04:59:00,9386,3.330006179000903,50.566329198155806
96,okdiario.com,11944,3418.0,572.0,2016-12-01 21:54:35,2026-05-20 12:46:00,3456,2.838537953324778,53.40486715148059
0,20minutos.es,10641,3218.0,536.0,2016-11-01 00:00:00,2026-05-20 08:08:32,3487,2.528874946527877,55.933742098008466
35,elconfidencial.com,9891,4776.0,796.0,2006-11-20 00:00:00,2026-05-20 00:00:00,7121,2.3506345358619707,58.28437663387044
160,www.elindependiente.com,9131,4873.0,815.0,2018-02-04 00:00:00,2026-07-05 00:00:00,3073,2.170017586387186,60.454394220257626
185,www.europapress.es/euskera,7141,3108.0,510.0,2000-10-19 00:00:00,2026-05-20 13:59:54,9344,1.6970863634203148,62.15148058367794
44,elmundo.es,6767,4035.0,681.0,2013-06-29 07:33:06,2026-05-20 03:24:11,4707,1.6082038119682494,63.75968439564619
283,www.periodistadigital.com,6378,3698.0,606.0,2007-01-22 00:00:00,2026-05-20 13:25:44,7058,1.515756452302866,65.27544084794906
184,www.europapress.es/asturianu,5793,3075.0,494.0,2020-06-22 11:18:21,2026-05-20 13:28:44,2158,1.3767289319834592,66.65216977993252
112,tv.libertaddigital.com,5551,3610.0,600.0,2017-04-12 00:00:00,2026-05-19 00:00:00,3324,1.3192166928085935,67.97138647274112
45,elpais.com,5357,6494.0,1075.0,2022-12-20 16:12:42,2026-05-06 00:00:00,1232,1.273111839916346,69.24449831265746
119,vibes.okdiario.com,5271,3790.0,625.0,2014-03-03 14:00:15,2026-05-20 13:37:15,4460,1.2526736061599886,70.49717191881744
155,www.eldebate.com,4960,3756.0,629.0,2023-03-23 00:00:00,2024-05-16 00:00:00,420,1.1787632492038596,71.6759351680213
10,alimente.elconfidencial.com,4610,3443.5,583.0,2019-06-07 00:00:00,2026-05-20 00:00:00,2539,1.0955843908931033,72.7715195589144
58,kiosco.epe.es,4566,4168.0,687.0,2022-05-11 00:00:00,2026-05-20 15:07:50,1470,1.0851276201340367,73.85664717904844
226,www.latribunadetoledo.es/provincia,4216,3029.5,511.0,2023-04-17 05:00:00,2026-05-20 19:30:00,1129,1.0019487618232805,74.85859594087172
194,www.huffingtonpost.es/loterias,4109,2725.0,463.0,2023-07-01 14:50:36,2026-05-20 12:28:29,1053,0.976519796568278,75.83511573744
222,www.latribunadetalavera.es/,3987,3056.0,514.0,2023-04-17 05:00:00,2026-05-20 11:55:24,1129,0.9475260230999573,76.78264176053996
197,www.infolibre.es/medios,3614,5927.0,985.0,2014-03-07 01:00:00,2026-05-20 15:37:27,4457,0.8588811255287799,77.64152288606874
242,www.liberaldecastilla.com,3468,3077.0,498.0,2023-05-30 11:50:54,2026-05-20 15:21:30,1086,0.8241836589191501,78.4657065449879
95,novaciencia.es,3153,3900.0,607.0,2023-06-27 08:39:26,2024-11-27 19:47:00,519,0.7493226864394696,79.21502923142737
223,www.latribunadetalavera.es/Mundo,3113,2927.0,483.0,2023-05-05 15:31:00,2024-11-28 05:00:00,572,0.7398165312039545,79.95484576263132
193,www.huffingtonpost.es/feminismo,3080,3111.0,514.5,2020-12-24 09:25:28,2026-05-20 13:23:21,1973,0.7319739531346547,80.68681971576598
122,www.abc.es/voz,2998,3459.0,580.5,2022-07-14 12:33:46,2024-11-28 00:13:45,867,0.712486334901849,81.39930605066783
177,www.epe.es,2907,4482.0,743.0,2022-11-16 14:00:00,2026-05-19 22:50:12,1280,0.6908598317410524,82.09016588240888
173,www.elplural.com/todo-tv,2853,4386.0,732.0,2023-06-14 11:39:00,2026-05-20 15:23:21,1071,0.6780265221731071,82.768192404582
192,www.huffingtonpost.es,2622,2842.0,474.5,2023-05-04 11:04:52,2026-05-20 11:07:09,1112,0.623128475688008,83.39132088027
182,www.europapress.es,2520,3325.0,540.5,2023-05-31 14:37:11,2026-05-20 14:01:32,1084,0.5988877798374448,83.99020866010744
49,esradio.libertaddigital.com,2476,3116.0,507.0,2004-03-08 17:51:10,2026-05-20 05:21:01,8107,0.5884310090783783,84.57863966918582
120,www.abc.es,2470,3870.0,652.0,2022-07-15 01:30:45,2024-11-28 04:24:24,867,0.587005085793051,85.16564475497887
302,www.vozpopuli.com,2432,4493.5,749.0,2019-07-19 13:50:00,2026-05-20 02:43:00,2496,0.5779742383193118,85.74361899329818
174,www.encastillalamancha.es,2358,2948.0,483.5,2020-12-31 09:51:47,2026-05-20 13:48:38,1966,0.560387851133609,86.3040068444318
90,murciaplaza.com/,2241,3067.0,486.0,2022-02-15 00:00:00,2026-05-20 22:07:50,1555,0.5325823470697276,86.83658919150153
172,www.elplural.com,2137,4360.0,727.0,2022-12-03 09:08:00,2026-05-20 14:29:38,1264,0.5078663434573886,87.34445553495893
186,www.europapress.es/galego,2126,2994.5,493.0,2021-04-28 17:33:39,2026-05-20 13:13:29,1847,0.5052521507676221,87.84970768572654
264,www.niusdiario.es,2003,3146.0,527.0,2021-05-17 17:15:58,2026-05-11 19:49:19,1820,0.47602072341841345,88.32572840914496
195,www.huffingtonpost.es/videos,1998,2739.5,454.0,2023-02-03 09:45:35,2026-05-20 13:25:07,1202,0.474832454013974,88.80056086315894
225,www.latribunadetoledo.es/mundo,1766,2989.5,496.0,2023-07-11 13:32:40,2026-05-20 18:46:00,1044,0.41969675364798703,89.22025761680692
16,buenahuellanaturgy.elmundo.es,1655,3548.0,589.0,2020-03-18 22:15:00,2026-05-20 00:00:00,2253,0.39331717286943296,89.61357478967635
301,www.vocesdecuenca.com,1620,2958.5,477.5,2021-01-15 09:03:07,2026-05-20 15:21:10,1951,0.38499928703835734,89.9985740767147
200,www.informacion.es/tags,1331,3760.0,621.0,2023-11-03 00:00:00,2026-05-21 00:00:00,930,0.31631731546176145,90.31489139217646
307,yosoytuprofe.20minutos.es,1282,3165.0,516.5,2022-04-10 02:59:52,2026-05-20 13:13:54,1501,0.3046722752982556,90.61956366747472
265,www.niusdiario.es/cookies,1252,2995.5,502.0,2018-01-17 09:46:56,2026-05-11 06:03:44,3035,0.29754265887161935,90.91710632634634
196,www.infolibre.es,1154,6244.5,1038.0,2021-04-20 06:00:00,2026-05-20 13:55:01,1856,0.2742525785446076,91.19135890489095
251,www.lne.es/videos,1121,3214.0,529.0,2025-04-25 00:00:00,2026-05-20 00:00:00,390,0.2664100004753078,91.45776890536625
221,www.latribunadetalavera.es,1070,2811.5,461.0,2023-06-14 05:00:00,2024-11-27 19:30:47,532,0.25428965255002617,91.71205855791628
175,www.encastillalamancha.es/galerias,1035,3208.0,516.0,2021-09-15 07:30:20,2026-05-20 12:27:05,1708,0.24597176671895052,91.95803032463523
176,www.enciendecuenca.com,1003,2938.0,475.0,2022-01-17 00:00:00,2026-05-20 00:00:00,1584,0.23836684253053853,92.19639716716577
230,www.lavozdealcala.com/,990,4473.0,740.0,2014-04-23 00:00:00,2026-05-20 05:40:00,4410,0.23527734207899614,92.43167450924477
121,www.abc.es/,974,3692.5,624.5,2022-01-04 12:48:12,2024-11-04 00:32:05,1034,0.23147487998479016,92.66314938922956
40,elfarodehellin.com,952,2681.0,432.5,2018-03-15 14:18:41,2026-05-20 12:30:36,2987,0.22624649460525692,92.88939588383482
41,elfocodetoledo.com,836,3025.5,487.0,2022-06-20 09:15:16,2024-05-15 20:30:56,695,0.19867864442226343,93.08807452825708
249,www.lne.es/adelantados,771,3100.0,501.0,2025-06-25 00:00:00,2026-05-20 11:47:25,329,0.18323114216455155,93.27130567042164
237,www.levante-emv.com/espana,728,3701.5,606.0,2019-11-12 00:00:00,2026-05-21 00:00:00,2382,0.1730120252863729,93.44431769570801
135,www.diariodesevilla.es/eduardo_jorda,688,3324.5,545.0,2013-03-09 21:00:00,2026-05-20 15:43:01,4819,0.16350587005085793,93.60782356575886
12,blogs.alimente.elconfidencial.com,671,3197.0,524.0,2025-01-05 00:00:00,2026-05-20 00:00:00,500,0.15946575407576405,93.76728931983463
208,www.laopiniondemurcia.es/motor,639,3474.0,575.0,2021-04-26 00:00:00,2026-05-20 15:30:57,1850,0.15186082988735206,93.91915014972199
117,valenciaplaza.com/opinion,622,3740.5,591.0,2024-05-02 11:00:43,2026-05-20 22:13:20,748,0.14782071391225818,94.06697086363424
98,okdiario.com/cool,587,3222.0,530.0,2023-07-11 18:12:18,2024-12-15 00:00:00,522,0.13950282808118256,94.20647369171542
203,www.laopiniondemalaga.es/motor,530,3779.0,623.0,2019-06-27 00:00:00,2026-05-20 00:00:00,2519,0.1259565568705737,94.332430248586
189,www.hortanoticias.com/hemeroteca,525,3021.0,480.0,2014-05-26 07:13:27,2026-05-20 18:10:50,4377,0.12476828746613433,94.45719853605213
138,www.diariodesevilla.es/videos,522,3552.0,568.0,2012-05-12 14:42:00,2026-05-20 14:56:29,5121,0.1240553258234707,94.58125386187561
303,www.vozpopuli.com/ciencia,513,3745.0,607.0,2025-01-23 19:45:05,2026-05-20 12:00:36,481,0.12191644089547982,94.70317030277108
211,www.larazon.es/acceder,512,4324.0,678.0,2023-11-19 09:03:55,2024-11-25 10:44:58,372,0.12167878701459195,94.82484908978567
151,www.elcomercio.es/motor,467,3239.0,536.0,2020-09-05 18:12:38,2026-05-20 20:00:00,2083,0.11098436237463759,94.93583345216031
136,www.diariodesevilla.es/jose_hacha,458,4216.5,685.0,2008-12-30 16:00:00,2026-05-20 11:27:06,6349,0.1088454774466467,95.04467892960696
15,brands.elconfidencial.com,456,4725.0,755.0,2022-02-07 00:00:00,2026-05-19 00:00:00,1562,0.10837016968487094,95.15304909929183
154,www.elcorreoweb.es/videos,443,3612.0,592.0,2024-07-23 00:00:00,2026-05-20 09:22:01,666,0.10528066923332859,95.25832976852516
253,www.malagahoy.es/gente,430,3340.0,549.0,2012-11-14 01:00:00,2026-05-20 17:02:21,4935,0.1021911687817862,95.36052093730694
166,www.elperiodicodeaqui.com/ciencia-salud,429,3009.0,485.0,2003-03-26 00:00:00,2026-05-20 00:00:00,8456,0.10195351490089834,95.46247445220784
76,malagaenfuturo.diariosur.es,419,3975.0,632.0,2024-11-27 18:50:52,2026-05-20 14:23:59,538,0.09957697609201958,95.56205142829987
128,www.clm24.es,416,3111.5,509.5,2023-07-12 14:22:05,2024-11-27 19:52:19,504,0.09886401444935596,95.66091544274923
149,www.elbuscolu.com/inicio.html,407,2537.0,396.0,2018-10-31 09:41:56,2026-05-15 16:45:32,2753,0.09672512952136508,95.75764057227059
296,www.superdeporte.es/tenis,374,3310.5,554.5,2022-02-25 00:00:00,2026-05-20 00:00:00,1545,0.08888255145206521,95.84652312372265
179,www.estadiodeportivo.com/,369,3088.0,521.0,2026-05-05 03:00:10,2026-05-20 16:22:05,15,0.08769428204762583,95.93421740577027
250,www.lne.es/club,366,3051.0,504.5,2022-07-12 00:00:00,2026-05-21 00:00:00,1409,0.08698132040496222,96.02119872617523
101,seguro.huffingtonpost.es,352,2422.5,409.5,2015-06-11 00:00:00,2026-05-11 14:05:32,3987,0.08365416607253195,96.10485289224776
207,www.laopiniondemurcia.es/compramejor,344,3614.0,594.5,2021-01-14 00:00:00,2026-05-20 07:01:03,1952,0.08175293502542896,96.1866058272732
19,castellondiario.com/feed/,338,3441.0,534.5,2026-03-14 06:00:04,2026-05-21 06:00:06,68,0.08032701174010172,96.2669328390133
255,www.malagahoy.es/television,308,3061.0,522.5,2023-07-18 05:18:00,2026-05-20 16:28:15,1037,0.07319739531346546,96.34013023432676
67,lavozdeltrubia.es/,292,3532.0,589.5,2018-07-19 00:00:00,2026-05-20 00:00:00,2862,0.06939493321925948,96.40952516754602
183,www.europapress.es/,290,2627.5,429.5,2023-06-21 11:59:52,2026-05-20 11:17:15,1063,0.06891962545748372,96.4784447930035
190,www.hortanoticias.com/portada,286,3597.5,576.0,2018-08-03 12:36:50,2026-05-19 06:02:07,2845,0.06796900993393222,96.54641380293744
299,www.vivirenelche.com/audiovisuales,280,3131.5,499.5,2012-09-30 00:00:00,2026-05-05 00:00:00,4965,0.06654308664860498,96.61295688958604
263,www.murcianoticias.es/rsc,277,3217.0,518.0,2017-01-28 17:15:34,2026-05-09 18:00:00,3388,0.06583012500594135,96.67878701459199
168,www.elperiodicomediterraneo.com/,268,2887.5,453.5,2026-01-27 06:41:28,2026-05-20 13:52:53,113,0.06369124007795048,96.74247825466993
30,digitalsevilla.com/,266,3149.0,481.5,2021-11-04 00:00:00,2026-05-20 00:00:00,1658,0.06321593231617473,96.8056941869861
277,www.paternaahora.com/category/sucesos,264,2727.0,434.0,2020-11-05 11:40:20,2026-05-20 06:43:56,2021,0.06274062455439897,96.8684348115405
144,www.diariosur.es/carnaval,255,3453.0,564.0,2024-12-18 17:48:02,2026-05-20 16:04:50,517,0.06060173962640811,96.9290365511669
141,www.diariosigloxxi.com/opinion.php,254,3246.5,510.0,2026-01-20 05:33:49,2026-05-20 18:54:28,120,0.06036408574552023,96.98940063691242
294,www.superdeporte.es/compramejor,253,3029.0,524.0,2021-11-01 00:00:00,2026-05-21 00:00:00,1662,0.06012643186463235,97.04952706877705
228,www.laverdad.es/multimedia,250,3474.5,572.5,2019-09-25 18:54:43,2026-05-20 19:27:42,2429,0.05941347022196872,97.10894053899902
6,alicanteplaza.es/elche,238,3433.5,554.5,2026-03-13 06:00:04,2026-05-20 20:24:14,68,0.05656162365131423,97.16550216265034
137,www.diariodesevilla.es/salud,230,3092.5,513.5,2018-08-13 01:00:00,2026-05-20 13:27:09,2837,0.054660392604211225,97.22016255525455
201,www.lacerca.com,226,3942.0,627.5,2014-02-18 10:46:00,2026-05-20 16:03:00,4474,0.05370977708065973,97.2738723323352
167,www.elperiodicodeaqui.com/sociedad,220,3213.0,515.0,2021-11-30 00:00:00,2026-05-21 00:00:00,1633,0.05228385379533248,97.32615618613053
159,www.eldiadelarioja.es/Nacional,219,4803.0,786.0,2013-07-10 00:00:00,2026-05-20 00:00:00,4697,0.052046199914444605,97.37820238604498
219,www.lasprovincias.es/politica,213,3134.0,517.0,2026-04-06 18:44:31,2026-05-20 20:41:00,44,0.05062027662911735,97.4288226626741
266,www.niusdiario.es/mqc,200,2760.5,461.5,2023-06-20 00:00:00,2024-02-29 00:00:00,254,0.04753077617757498,97.47635343885167
241,www.levante-emv.com/sostenibilitat,190,3310.0,543.5,2021-11-16 00:00:00,2026-05-19 00:00:00,1645,0.04515423736869623,97.52150767622037
143,www.diariosur.es/,190,3616.5,583.0,2025-06-10 06:15:42,2026-05-20 14:12:18,344,0.04515423736869623,97.56666191358906
284,www.riojaactual.com/,190,2821.0,447.5,2026-03-02 17:30:59,2026-11-05 12:21:02,247,0.04515423736869623,97.61181615095775
8,alicanteplaza.es/orihuela1,181,3410.0,539.0,2025-06-14 06:00:04,2026-05-20 19:04:28,340,0.043015352440705354,97.65483150339846
304,www.vozpopuli.com/fiscal,180,3742.0,593.0,2025-01-20 19:45:08,2026-05-19 22:45:00,484,0.04277769855981749,97.69760920195827
134,www.diariodesevilla.es/,174,3173.5,525.5,2011-03-09 21:00:00,2026-05-20 15:08:40,5550,0.041351775274490236,97.73896097723276
31,e00-elmundo.uecdn.es/elmundo/rss/castellon.xml,168,3293.5,560.5,2020-09-22 00:00:00,2026-05-10 00:00:00,2056,0.039925851989162986,97.77888682922193
142,www.diariosigloxxi.com/sexo.php,168,3440.0,550.5,2021-01-27 09:06:30,2026-05-20 13:22:39,1939,0.039925851989162986,97.8188126812111
178,www.epe.es/,166,4310.0,707.5,2024-05-03 00:00:00,2024-10-21 00:00:00,171,0.03945054422738723,97.85826322543849
199,www.informacion.es/informacion-digital,160,3402.5,543.0,2023-04-08 00:00:00,2026-05-21 00:00:00,1139,0.03802462094205998,97.89628784638055
170,www.elperiodicomediterraneo.com/espana,158,4521.0,722.5,2020-12-13 06:35:06,2026-05-20 15:31:11,1984,0.03754931318028424,97.93383715956082
273,www.noticias24digital.com/,151,3129.0,493.0,2023-05-02 07:43:55,2026-05-20 14:35:06,1114,0.03588573601406911,97.96972289557489
43,elmeridiano.es/videos,151,3291.0,535.0,2022-06-03 05:07:07,2026-05-20 08:37:08,1447,0.03588573601406911,98.00560863158896
124,www.alertadigital.com/,150,3380.5,545.5,2025-09-17 00:00:00,2026-05-20 00:00:00,245,0.035648082133181234,98.04125671372213
229,www.laverdad.es/vivir,149,3634.0,602.0,2021-08-05 13:34:53,2026-05-20 20:00:00,1749,0.03541042825229336,98.07666714197443
54,harodigital.com/feed/,147,3041.0,490.0,2023-08-01 12:20:07,2026-05-20 08:42:39,1022,0.034935120490517606,98.11160226246494
70,lavozdeltrubia.es/category/tribuna,147,3688.0,617.0,2019-06-18 00:00:00,2026-05-20 00:00:00,2528,0.034935120490517606,98.14653738295546
7,alicanteplaza.es/internacional1,143,3024.0,473.0,2026-03-18 16:01:27,2026-05-20 15:44:08,62,0.03398450496696611,98.18052188792242
217,www.lasprovincias.es/cronica-negra,141,3621.0,602.0,2025-08-11 18:22:52,2026-05-20 19:25:54,282,0.03350919720519036,98.21403108512762
239,www.levante-emv.com/motor,139,3237.0,522.0,2022-06-10 00:00:00,2026-05-20 00:00:00,1440,0.033033889443414614,98.24706497457103
278,www.paternaahora.com/category/sucesos/feed/,135,2617.0,406.0,2020-03-09 09:47:03,2026-05-14 15:17:50,2257,0.03208327391986311,98.2791482484909
240,www.levante-emv.com/solidarios,132,3561.0,585.0,2025-10-27 00:00:00,2026-05-20 00:00:00,205,0.03137031227719948,98.3105185607681
275,www.nuevecuatrouno.com/,131,3780.0,614.0,2026-04-10 00:00:00,2026-05-20 00:00:00,40,0.03113265839631161,98.34165121916442
306,www.vozpopuli.com/ultima-hora,129,4718.0,745.0,2025-11-03 00:45:17,2026-05-20 14:44:04,198,0.030657350634535865,98.37230856979896
244,www.liberaldecastilla.com/cultura-breves,124,3206.5,512.5,2022-03-04 09:08:03,2026-05-20 02:09:53,1537,0.029469081230096488,98.40177765102905
29,diariodealicante.net/category/social,122,3257.0,517.5,2020-06-09 04:23:29,2026-05-20 13:53:17,2171,0.028993773468320737,98.43077142449737
156,www.eldesmarque.com/,118,2657.5,452.0,2023-11-13 11:52:27,2026-05-11 21:34:47,910,0.02804315794476924,98.45881458244213
216,www.lasprovincias.es/alcoia,117,3601.0,608.0,2026-03-25 10:00:04,2026-05-20 19:55:06,56,0.027805504063881364,98.48662008650601
100,saforguia.com/,117,3124.0,499.0,2026-02-19 18:41:40,2026-05-21 04:09:31,90,0.027805504063881364,98.51442559056989
11,alsoldelacosta.com/,116,2889.5,473.0,2026-05-03 10:22:07,2026-05-20 16:09:43,17,0.027567850182993486,98.54199344075288
84,moroninformacion.es/category/destacado,116,3440.0,606.0,2016-07-12 15:34:06,2026-05-08 13:48:29,3586,0.027567850182993486,98.56956129093587
130,www.clm24.es/album,116,3138.5,530.5,2015-11-12 15:27:10,2024-11-27 09:17:19,3302,0.027567850182993486,98.59712914111886
25,comarcalcv.com/feed/,114,2833.0,446.0,2021-03-10 09:24:52,2026-05-20 12:58:01,1897,0.027092542421217735,98.62422168354007
105,sevillabuenasnoticias.com/quienes-somos,112,2686.0,421.5,2022-10-25 14:01:47,2026-05-20 13:36:41,1302,0.02661723465944199,98.65083891819951
227,www.laverdad.es/,111,3324.0,551.0,2020-04-13 08:56:16,2026-05-20 16:08:09,2228,0.026379580778554113,98.67721849897806
256,www.murcia.com/,106,3301.5,532.0,2025-10-24 00:00:00,2026-05-20 19:24:59,208,0.02519131137411474,98.70240981035218
248,www.lne.es/,106,2999.5,478.0,2025-12-16 00:00:00,2026-05-21 00:00:00,156,0.02519131137411474,98.7276011217263
21,castellonplaza.com/,100,3294.0,517.5,2026-05-05 02:00:49,2026-05-21 06:02:02,16,0.02376538808878749,98.75136650981509
145,www.diariosur.es/motor,100,3801.5,621.5,2025-08-22 01:26:06,2026-05-20 17:00:36,271,0.02376538808878749,98.77513189790388
215,www.lasprovincias.es/,95,3200.0,529.0,2025-12-25 20:22:08,2026-05-20 20:32:00,146,0.022577118684348117,98.79770901658823
83,moroninformacion.es/,95,3378.0,561.0,2025-01-31 12:08:36,2026-05-20 13:33:52,474,0.022577118684348117,98.82028613527258
97,okdiario.com/,92,3170.5,522.5,2026-05-05 04:03:33,2026-05-20 11:30:30,15,0.02186415704168449,98.84215029231427
267,www.niusdiario.es/series,92,3204.0,535.5,2023-07-13 00:00:00,2024-11-03 00:00:00,479,0.02186415704168449,98.86401444935596
213,www.larioja.com/sociedad,92,2850.0,462.0,2026-04-19 11:10:26,2026-05-20 19:05:36,31,0.02186415704168449,98.88587860639765
18,castellondiario.com/,89,3583.0,580.0,2026-03-27 13:17:01,2026-05-21 06:00:05,54,0.021151195399020866,98.90702980179667
162,www.elnoticierodigital.com/feed/,88,2689.0,430.5,2026-04-24 12:28:02,2026-05-20 13:29:38,26,0.02091354151813299,98.9279433433148
198,www.informacion.es/,82,4047.0,624.0,2026-03-30 00:00:00,2026-05-21 00:00:00,52,0.01948761823280574,98.9474309615476
80,mislatanews.com/,82,2822.0,439.5,2024-11-04 14:19:26,2026-05-20 10:55:56,561,0.01948761823280574,98.9669185797804
206,www.laopiniondemurcia.es/,80,3967.0,640.5,2025-11-07 00:00:00,2026-05-20 00:01:45,194,0.01901231047102999,98.98593089025142
258,www.murcia.com/lorca,77,2953.0,482.0,2026-04-26 08:15:53,2026-05-20 21:11:40,24,0.018299348828366365,99.00423023907979
158,www.eldiadelarioja.es/,72,3006.5,478.5,2018-03-15 00:00:00,2026-05-20 00:00:00,2988,0.017111079423926992,99.02134131850372
187,www.europapress.es/motor,71,3121.0,504.0,2023-07-03 10:41:29,2023-08-17 14:48:35,45,0.016873425543039118,99.03821474404675
146,www.diariosur.es/turismo,70,3123.0,537.5,2026-02-03 20:59:54,2026-05-20 01:16:55,105,0.016635771662151244,99.0548505157089
152,www.elcorreoweb.es/,70,3496.5,571.0,2025-11-14 00:00:00,2026-05-20 00:00:00,187,0.016635771662151244,99.07148628737106
297,www.valenciaplaza.com/,69,4403.0,731.0,2026-04-16 07:22:01,2026-05-20 19:44:55,34,0.016398117781263367,99.08788440515232
81,mislatanews.com/sociedad,68,2585.0,410.0,2022-11-17 11:11:09,2026-05-19 06:18:49,1278,0.016160463900375493,99.1040448690527
233,www.lavozdeasturias.es/cultura,67,2679.0,438.0,2025-02-20 00:00:00,2026-05-19 00:00:00,453,0.01592281001948762,99.11996767907219
139,www.diariosigloxxi.com/,66,3568.5,557.0,2026-03-16 05:04:41,2026-05-20 20:25:53,65,0.01568515613859974,99.13565283521079
164,www.elpais.com/,66,3044.0,504.0,2023-11-30 00:00:00,2024-02-08 17:48:31,70,0.01568515613859974,99.1513379913494
204,www.laopiniondemalaga.es/ocio,63,3870.0,629.0,2021-04-07 00:00:00,2026-05-21 00:00:00,1870,0.014972194495936118,99.16631018584533
63,lacanyadateguia.com/category/cultura,63,2889.0,449.0,2017-02-03 06:00:11,2026-05-19 04:35:41,3391,0.014972194495936118,99.18128238034127
89,mundoobrero.es/contacto,62,4790.0,752.0,2026-03-30 00:00:00,2026-05-20 00:00:00,51,0.014734540615048244,99.19601692095632
188,www.hortanoticias.com/,62,3354.5,519.5,2011-11-19 20:00:00,2026-05-13 13:25:24,5288,0.014734540615048244,99.21075146157138
99,riberaexpress.es/,62,8912.0,1503.5,2024-02-25 10:53:23,2026-05-18 04:00:08,812,0.014734540615048244,99.22548600218643
69,lavozdeltrubia.es/category/salas,60,3458.0,578.0,2020-02-27 00:00:00,2026-05-20 00:00:00,2274,0.014259232853272493,99.2397452350397
243,www.liberaldecastilla.com/cuenca/feed/,60,3113.5,488.0,2022-10-01 18:00:36,2026-05-20 05:50:26,1326,0.014259232853272493,99.25400446789298
115,valencianoticias.com/comments/feed/,60,2999.5,451.0,2025-11-17 07:50:53,2026-05-20 16:53:44,184,0.014259232853272493,99.26826370074626
220,www.lasprovincias.es/valencia-bc,59,3000.0,490.0,2023-08-02 13:30:08,2026-05-20 19:17:32,1022,0.01402157897238462,99.28228527971865
148,www.elbuscolu.com/,56,2528.0,419.0,2008-12-11 20:00:00,2026-05-20 11:45:04,6368,0.013308617329720995,99.29559389704838
74,lavozdetalavera.com,55,2549.0,416.0,2019-09-04 13:18:46,2026-05-20 07:30:08,2449,0.01307096344883312,99.30866486049722
91,noticiascv.com/comunitat,55,3133.0,499.0,2023-06-23 05:59:49,2026-05-20 12:15:03,1062,0.01307096344883312,99.32173582394606
279,www.paternaahora.com/radio,54,2673.0,428.0,2020-03-20 09:52:56,2026-05-15 06:39:43,2246,0.012833309567945246,99.33456913351401
252,www.malagahoy.es/,52,3512.0,582.5,2009-10-29 21:00:00,2026-05-19 08:35:33,6045,0.012358001806169494,99.34692713532017
218,www.lasprovincias.es/motor,52,2847.0,452.0,2023-05-24 12:02:57,2026-05-20 11:00:15,1091,0.012358001806169494,99.35928513712634
235,www.levante-emv.com/,49,3455.0,539.0,2025-04-09 00:00:00,2026-05-20 00:00:00,406,0.011645040163505871,99.37093017728984
259,www.murcia.com/region,49,3126.0,511.0,2026-05-06 17:53:26,2026-05-20 15:53:24,13,0.011645040163505871,99.38257521745334
33,e00-elmundo.uecdn.es/elmundo/rss/economia.xml,48,3337.5,546.0,2023-04-10 00:00:00,2023-05-09 00:00:00,29,0.011407386282617995,99.39398260373595
51,eventos.larioja.com,48,3020.5,484.0,2026-03-11 03:20:58,2026-05-20 17:11:20,70,0.011407386282617995,99.40538999001856
57,infoaxarquia.es/belleza-y-salud,48,3403.0,553.5,2009-10-29 00:00:00,2026-05-20 00:00:00,6047,0.011407386282617995,99.41679737630118
257,www.murcia.com/caravaca,47,3303.0,533.0,2026-05-08 10:49:01,2026-05-21 01:05:25,12,0.01116973240173012,99.4279671087029
110,torrentaldia.com/comments/feed/,47,3625.0,574.0,2023-01-20 05:31:14,2026-05-20 11:03:52,1216,0.01116973240173012,99.43913684110463
113,val.superdeporte.es,47,3024.0,528.0,2026-04-14 00:00:00,2026-05-20 00:00:00,36,0.01116973240173012,99.45030657350635
5,alicanteplaza.es/,46,3421.0,564.5,2017-11-14 19:10:21,2026-05-20 17:57:12,3108,0.010932078520842246,99.46123865202719
47,elperiodicodeyecla.com/,46,6349.0,973.0,2025-05-17 03:00:00,2026-05-20 15:06:10,368,0.010932078520842246,99.47217073054803
42,elmeridiano.es/dana,46,3256.0,505.5,2023-02-08 14:44:07,2026-05-20 12:45:36,1196,0.010932078520842246,99.48310280906887
150,www.elcomercio.es/,45,3181.0,515.0,2025-09-25 13:37:46,2026-05-20 14:24:18,237,0.010694424639954372,99.49379723370882
289,www.sevillaactualidad.com/el-tiempo,45,2467.0,401.0,2013-01-17 13:45:21,2026-05-20 05:07:37,4870,0.010694424639954372,99.50449165834877
102,sevillabuenasnoticias.com/,44,2781.0,426.5,2022-08-18 03:24:58,2026-05-20 10:33:59,1371,0.010456770759066494,99.51494842910783
212,www.larioja.com/,44,3525.5,593.5,2020-02-17 16:24:00,2026-05-20 03:08:22,2283,0.010456770759066494,99.5254051998669
165,www.elperiodicodeaqui.com/,42,2812.5,460.5,2026-04-30 00:00:00,2026-05-20 00:00:00,20,0.009981462997290746,99.53538666286418
37,eldigitaldeasturias.com/,41,3474.0,568.0,2018-03-04 00:35:46,2026-05-17 22:59:42,2996,0.00974380911640287,99.54513047198058
171,www.elperiodicomediterraneo.com/ocio,41,2820.0,434.0,2021-02-05 12:40:55,2026-05-20 08:11:01,1929,0.00974380911640287,99.55487428109699
88,mundoobrero.es/,40,4808.5,774.5,2025-05-10 00:00:00,2026-05-20 09:45:17,375,0.009506155235514995,99.5643804363325
38,eldigitaldeasturias.com/radio,40,4008.0,597.5,2025-11-08 07:52:16,2026-05-02 16:22:57,175,0.009506155235514995,99.57388659156801
282,www.periodicoelnazareno.es/reportajes,39,2643.0,425.0,2018-10-04 08:33:06,2026-05-19 07:18:34,2783,0.009268501354627121,99.58315509292264
17,cartagenadiario.es/,39,2923.0,463.0,2026-02-07 05:08:33,2026-05-20 12:40:52,102,0.009268501354627121,99.59242359427726
79,marbelladirecto.com/category/noticias,38,2664.5,435.0,2026-03-19 09:31:46,2026-05-20 13:00:35,62,0.009030847473739247,99.601454441751
247,www.liberaldecastilla.com/tecnologia,38,2657.0,419.0,2026-04-08 08:26:22,2026-05-19 02:33:56,40,0.009030847473739247,99.61048528922474
126,www.axarquiaplus.es/magazine,37,3785.0,609.0,2026-03-31 06:12:48,2026-05-20 14:16:09,50,0.008793193592851372,99.61927848281759
59,labrujulacalahorra.com/,37,2934.0,452.0,2026-04-06 03:24:58,2026-05-19 11:17:56,43,0.008793193592851372,99.62807167641044
114,valencianoticias.com/category/canal-economia,37,3156.0,497.0,2018-06-04 06:32:04,2026-05-20 01:28:35,2906,0.008793193592851372,99.6368648700033
46,elperiodicodemairena.com/,36,3171.5,499.5,2026-05-04 07:48:00,2026-05-20 12:26:47,16,0.008555539711963496,99.64542040971526
191,www.hortanoticias.com/salud,35,2901.0,458.0,2026-02-20 15:04:44,2026-05-18 15:01:24,86,0.008317885831075622,99.65373829554633
86,moroninformacion.es/category/la_lupa,35,3826.0,697.0,2018-10-31 16:00:51,2026-05-15 11:38:10,2752,0.008317885831075622,99.66205618137741
125,www.axarquiaplus.es/,34,2569.5,422.0,2026-04-29 06:29:37,2026-05-20 06:01:54,20,0.008080231950187746,99.6701364133276
292,www.sevillaactualidad.com/quienes-somos,34,3828.5,637.0,2015-01-15 06:00:00,2026-05-14 05:20:30,4136,0.008080231950187746,99.67821664527779
9,alicantepress.com/,34,3265.5,522.0,2023-09-28 22:07:49,2026-05-12 10:54:59,956,0.008080231950187746,99.68629687722797
71,lavozdemoron.es/,34,2961.5,476.5,2023-06-19 00:00:00,2026-05-13 00:00:00,1059,0.008080231950187746,99.69437710917816
246,www.liberaldecastilla.com/sociedad,34,2801.5,437.0,2026-04-16 04:57:54,2026-05-18 11:02:47,32,0.008080231950187746,99.70245734112835
260,www.murcia.com/viajar,33,3363.0,545.0,2026-02-16 20:03:57,2026-05-19 11:38:35,91,0.00784257806929987,99.71029991919765
234,www.lavozdeltajo.com/,32,2886.0,447.5,2023-12-22 15:37:00,2026-05-20 16:23:00,880,0.007604924188411997,99.71790484338607
140,www.diariosigloxxi.com/automoviles.php,32,3544.0,558.5,2026-04-14 05:45:58,2026-05-20 20:44:49,36,0.007604924188411997,99.72550976757448
24,comarcalcv.com/,31,3104.0,488.0,2024-08-14 07:00:27,2026-05-20 02:00:18,643,0.007367270307524122,99.732877037882
92,noticiascv.com/salud,30,2937.0,478.5,2023-05-29 05:54:04,2026-05-19 06:24:57,1086,0.007129616426636246,99.74000665430864
214,www.larioja.com/ultima-hora,30,3003.5,498.0,2025-11-25 05:54:03,2026-05-20 19:17:16,176,0.007129616426636246,99.74713627073528
118,valledelasuvas.es/,29,2674.0,433.0,2018-05-03 00:00:00,2026-05-18 00:00:00,2937,0.006891962545748372,99.75402823328103
26,deniadigital.es/,28,2927.0,440.0,2026-03-13 12:29:56,2026-05-20 12:37:27,68,0.006654308664860498,99.7606825419459
202,www.laopiniondemalaga.es/,28,4863.0,830.5,2023-11-22 00:00:00,2026-05-20 00:00:00,910,0.006654308664860498,99.76733685061076
300,www.vivirenelche.com/feed/,27,3143.0,487.0,2017-04-17 00:00:00,2026-05-18 00:00:00,3318,0.006416654783972623,99.77375350539474
1,albapress.es,27,3567.0,550.0,2020-03-09 17:14:19,2024-02-26 10:09:16,1448,0.006416654783972623,99.78017016017871
209,www.laopiniondemurcia.es/ocio,27,3273.0,554.0,2014-08-14 00:00:00,2026-05-20 00:00:00,4297,0.006416654783972623,99.78658681496269
73,lavozdemoron.es/politica-de-cookies,27,3194.0,526.0,2021-09-01 00:00:00,2026-05-19 00:00:00,1721,0.006416654783972623,99.79300346974667
34,ecijadigital.es/,27,2567.0,407.0,2022-05-24 07:52:17,2026-05-20 06:50:27,1456,0.006416654783972623,99.79942012453064
261,www.murcia.com/yecla,25,3223.0,499.0,2021-05-07 12:24:42,2026-05-02 12:20:45,1820,0.005941347022196872,99.80536147155284
245,www.liberaldecastilla.com/cultura-breves/feed/,25,3045.0,455.0,2024-09-13 08:17:06,2026-05-18 04:22:39,611,0.005941347022196872,99.81130281857504
286,www.sevillaactualidad.com/,25,3446.0,589.0,2026-03-25 10:11:19,2026-05-20 06:45:26,55,0.005941347022196872,99.81724416559724
269,www.noeresdeeldasino.com/,25,2706.0,442.0,2015-12-25 00:00:00,2026-04-28 00:00:00,3777,0.005941347022196872,99.82318551261945
131,www.denia.com/,24,4598.0,695.5,2026-05-07 07:33:42,2026-05-19 10:30:49,12,0.005703693141308998,99.82888920576076
75,lavozdetalavera.eu,23,2944.0,448.0,2023-06-01 23:50:57,2023-07-16 14:43:38,44,0.005466039260421123,99.83435524502119
109,torrentaldia.com/category/actualidad/feed/,23,4975.0,737.0,2020-10-21 05:07:13,2026-05-16 04:02:05,2032,0.005466039260421123,99.83982128428161
290,www.sevillaactualidad.com/mas,23,2939.0,473.0,2025-10-26 16:45:06,2026-05-19 13:54:42,204,0.005466039260421123,99.84528732354204
27,diariodealicante.net/,22,2726.0,416.5,2026-05-08 07:29:39,2026-05-20 13:50:14,12,0.005228385379533247,99.85051570892158
238,www.levante-emv.com/localizacion,21,3173.0,497.0,2024-09-14 00:00:00,2026-05-13 00:00:00,606,0.004990731498645373,99.85550644042023
291,www.sevillaactualidad.com/opinion,21,2566.0,407.0,2025-05-30 05:41:35,2026-05-20 12:47:21,355,0.004990731498645373,99.86049717191888
288,www.sevillaactualidad.com/el-rocio,20,2733.0,426.5,2025-03-03 12:22:21,2026-05-19 08:24:17,441,0.004753077617757498,99.86525024953664
169,www.elperiodicomediterraneo.com/empresa-del-anyo,20,10507.0,1607.0,2023-01-28 09:31:47,2026-05-20 13:36:14,1208,0.004753077617757498,99.87000332715441
293,www.superdeporte.es/,20,3396.0,563.5,2013-05-01 00:00:00,2026-05-19 00:00:00,4766,0.004753077617757498,99.87475640477217
262,www.murcianoticias.es/,20,2753.0,434.5,2024-04-30 09:14:00,2026-04-27 18:00:00,727,0.004753077617757498,99.87950948238993
50,eurocopa2024.clm24.es,20,3509.0,572.5,2023-07-15 16:23:20,2024-09-08 18:45:19,421,0.004753077617757498,99.8842625600077
77,marbelladirecto.com/,19,2709.0,448.0,2022-06-03 14:29:27,2026-05-19 15:47:47,1446,0.004515423736869624,99.88877798374457
276,www.paternaahora.com/,19,2971.0,431.0,2026-04-27 14:58:12,2026-05-20 06:43:56,22,0.004515423736869624,99.89329340748145
60,labrujulacalahorra.com/category/actualidad,18,3401.0,529.0,2026-03-12 05:44:36,2026-05-14 13:27:02,63,0.004277769855981748,99.89757117733744
280,www.periodicoelnazareno.es/,17,3580.0,587.0,2016-01-21 19:02:30,2026-05-18 16:11:02,3769,0.004040115975093873,99.90161129331253
281,www.periodicoelnazareno.es/local,16,2867.0,483.5,2023-12-15 11:02:21,2026-05-06 14:40:59,873,0.0038024620942059984,99.90541375540673
28,diariodealicante.net/category/local,14,2928.0,449.5,2026-04-23 03:58:34,2026-05-17 11:00:00,24,0.003327154332430249,99.90874090973915
231,www.lavozdealcala.com/cofradias,14,3001.5,475.5,2022-07-07 13:00:00,2026-05-19 14:30:00,1412,0.003327154332430249,99.91206806407158
236,www.levante-emv.com/aula,14,3507.0,597.5,2023-09-05 00:00:00,2026-05-20 00:00:00,988,0.003327154332430249,99.915395218404
68,lavozdeltrubia.es/category/las-regueras,14,3374.0,524.5,2025-06-24 00:00:00,2026-03-02 00:00:00,251,0.003327154332430249,99.91872237273643
4,alcoyinforma.es/category/sucesos,14,2439.5,393.5,2025-10-16 17:56:43,2026-05-15 16:25:05,210,0.003327154332430249,99.92204952706885
161,www.elnoticierodigital.com/,13,3799.0,618.0,2026-05-10 04:02:50,2026-05-20 13:47:17,10,0.0030895004515423736,99.92513902752039
20,castellondiario.com/ratas-para-todos,13,6937.0,1124.0,2023-09-28 10:24:48,2026-05-20 14:17:33,965,0.0030895004515423736,99.92822852797192
53,harodigital.com/,13,3843.0,590.0,2026-04-14 07:19:06,2026-05-20 04:50:20,35,0.0030895004515423736,99.93131802842346
111,torrentaldia.com/feed/,13,2844.0,448.0,2024-10-13 10:01:54,2026-05-11 09:30:12,574,0.0030895004515423736,99.934407528875
270,www.noeresdeeldasino.com/comments/feed,13,2401.0,406.0,2016-04-14 00:00:00,2026-02-02 00:00:00,3581,0.0030895004515423736,99.93749702932654
147,www.ecijaldia.es/,13,2136.0,335.0,2021-04-09 01:59:34,2026-05-20 01:58:14,1866,0.0030895004515423736,99.94058652977807
55,infoaxarquia.es/,12,3240.0,512.5,2009-11-24 00:00:00,2026-05-07 00:00:00,6008,0.002851846570654499,99.94343837634872
287,www.sevillaactualidad.com/alcala-de-guadaira,11,4922.0,830.0,2011-02-15 02:00:00,2022-10-17 09:18:13,4262,0.0026141926897666236,99.94605256903849
62,lacanyadateguia.com/,11,2470.0,391.0,2017-03-17 14:00:36,2026-05-15 07:43:29,3345,0.0026141926897666236,99.94866676172825
232,www.lavozdeasturias.es/,10,2578.5,409.0,2026-04-21 00:00:00,2026-05-20 00:00:00,29,0.002376538808878749,99.95104330053712
78,marbelladirecto.com/category/mas-marbella,10,3348.5,519.5,2025-06-23 06:22:59,2026-04-17 04:01:54,297,0.002376538808878749,99.953419839346
56,infoaxarquia.es/bazar,9,3950.0,654.0,2009-04-27 00:00:00,2026-04-21 00:00:00,6203,0.002138884927990874,99.95555872427398
116,valencianoticias.com/feed/,8,2874.0,487.5,2013-09-21 03:59:01,2026-05-20 15:37:15,4624,0.0019012310471029992,99.95745995532108
180,www.estadiodeportivo.com/codigo-etico.html,8,5363.0,932.0,2026-05-07 04:18:22,2026-05-11 07:22:27,4,0.0019012310471029992,99.95936118636818
14,branded.larazon.es,8,3490.5,570.5,2024-03-06 07:35:35,2024-03-07 07:24:04,0,0.0019012310471029992,99.96126241741528
107,somgandia.com/actualidad,8,3428.5,532.0,2026-03-26 08:42:10,2026-05-14 08:48:03,49,0.0019012310471029992,99.96316364846238
133,www.denia.com/turismo,8,3953.5,608.5,2026-05-08 03:09:12,2026-05-20 13:13:02,12,0.0019012310471029992,99.96506487950948
104,sevillabuenasnoticias.com/feed/,8,2743.5,407.5,2026-03-26 08:08:21,2026-05-06 05:34:41,40,0.0019012310471029992,99.96696611055658
285,www.serpadres.es/feed,7,6148.0,971.0,2026-05-01 23:00:00,2026-05-18 17:18:46,16,0.0016635771662151244,99.9686296877228
2,alcoyinforma.es/,7,2885.0,455.0,2026-05-11 17:01:57,2026-05-20 07:48:38,8,0.0016635771662151244,99.97029326488901
22,castellonplaza.com/plazaceramica,7,2575.0,412.0,2026-02-25 13:40:07,2026-05-11 14:50:04,75,0.0016635771662151244,99.97195684205522
93,noticiasdearnedo.es/,7,2567.0,426.0,2026-04-28 00:00:00,2026-05-11 00:00:00,13,0.0016635771662151244,99.97362041922143
32,e00-elmundo.uecdn.es/elmundo/rss/cultura.xml,7,3528.0,573.0,2026-05-02 00:00:00,2026-05-05 00:00:00,3,0.0016635771662151244,99.97528399638765
153,www.elcorreoweb.es/betis,6,5222.5,873.5,2026-05-20 00:00:00,2026-05-20 00:00:00,0,0.0014259232853272494,99.97670991967297
65,lacanyadateguia.com/comments/feed/,6,2734.5,462.0,2026-03-17 12:23:45,2026-03-19 07:56:52,1,0.0014259232853272494,99.9781358429583
274,www.noticiascv.com/,6,3059.5,493.0,2026-02-02 14:17:56,2026-05-20 09:26:12,106,0.0014259232853272494,99.97956176624362
85,moroninformacion.es/category/hablemos,6,2779.5,458.5,2026-05-11 12:28:29,2026-05-20 13:33:38,9,0.0014259232853272494,99.98098768952894
272,www.noeresdeeldasino.com/feed,6,3814.0,603.5,2025-06-11 00:00:00,2026-05-10 00:00:00,333,0.0014259232853272494,99.98241361281427
94,noticiasdearnedo.es/feed/,5,2834.0,459.0,2025-11-16 00:00:00,2026-04-29 00:00:00,164,0.0011882694044393744,99.98360188221871
82,mislatanews.com/unamuno-y-sanchez,5,4344.0,696.0,2025-09-21 06:46:46,2026-05-03 07:00:19,224,0.0011882694044393744,99.98479015162314
271,www.noeresdeeldasino.com/destacado,5,2860.0,473.0,2017-03-31 00:00:00,2024-01-03 00:00:00,2469,0.0011882694044393744,99.98597842102758
127,www.cartagenaactualidad.com/,5,8042.0,1152.0,2018-05-23 07:11:42,2026-05-20 08:14:11,2919,0.0011882694044393744,99.98716669043202
103,sevillabuenasnoticias.com/category/ie,5,3869.0,620.0,2026-05-11 11:16:16,2026-05-11 13:17:01,0,0.0011882694044393744,99.98835495983646
268,www.niusdiario.es/solos,4,3094.0,522.5,2024-01-31 00:00:00,2024-01-31 00:00:00,0,0.0009506155235514996,99.98930557536
108,somgandia.com/turismo,4,3262.0,554.0,2025-12-02 18:47:48,2026-05-08 04:01:49,156,0.0009506155235514996,99.99025619088356
181,www.estadiodeportivo.com/sitemaps/rss.xml,4,2457.0,418.0,2026-05-11 11:28:00,2026-05-11 14:45:38,0,0.0009506155235514996,99.9912068064071
3,alcoyinforma.es/category/ocio,3,2572.0,415.0,2026-01-19 10:35:41,2026-05-18 12:03:39,119,0.0007129616426636247,99.99191976804977
132,www.denia.com/feed/,3,2505.0,406.0,2021-10-11 05:00:29,2026-05-06 06:50:04,1668,0.0007129616426636247,99.99263272969243
64,lacanyadateguia.com/category/falles,3,2492.0,385.0,2026-04-23 04:56:06,2026-05-20 05:53:28,27,0.0007129616426636247,99.9933456913351
298,www.vivasevilla.es/conil,3,6962.0,1204.0,2024-06-05 04:22:43,2026-05-11 04:57:27,705,0.0007129616426636247,99.99405865297776
295,www.superdeporte.es/ocio,3,3175.0,559.0,2026-05-08 00:00:00,2026-05-16 00:00:00,8,0.0007129616426636247,99.99477161462042
254,www.malagahoy.es/ocio,3,2686.0,425.0,2023-01-05 10:53:35,2026-05-19 12:05:00,1230,0.0007129616426636247,99.99548457626308
23,castellonplaza.com/sof-ia,3,3618.0,565.0,2026-05-11 07:50:24,2026-05-11 11:12:24,0,0.0007129616426636247,99.99619753790574
61,labrujulacalahorra.com/category/deportes,3,3374.0,524.0,2026-05-05 11:24:03,2026-05-14 11:50:46,9,0.0007129616426636247,99.9969104995484
106,somgandia.com/,2,3224.5,508.5,2026-01-27 05:57:23,2026-05-05 09:14:10,98,0.0004753077617757498,99.99738580731018
129,www.clm24.es/,2,3744.0,641.5,2024-01-13 13:02:02,2024-03-31 13:01:59,77,0.0004753077617757498,99.99786111507196
72,lavozdemoron.es/9-4-3,2,3176.5,517.0,2026-04-21 00:00:00,2026-05-13 00:00:00,22,0.0004753077617757498,99.99833642283373
123,www.aionsur.com/economia,1,2084.0,338.0,2026-05-05 07:24:15,2026-05-05 07:24:15,0,0.0002376538808878749,99.99857407671462
210,www.larazon.es,1,4713.0,693.0,2020-05-27 00:00:00,2020-05-27 00:00:00,0,0.0002376538808878749,99.9988117305955
205,www.laopiniondemalaga.es/rss.html,1,4704.0,765.0,2026-05-19 00:00:00,2026-05-19 00:00:00,0,0.0002376538808878749,99.9990493844764
163,www.elnoticierodigital.com/torremolinos,1,3672.0,587.0,2025-09-11 13:00:03,2025-09-11 13:00:03,0,0.0002376538808878749,99.99928703835728
157,www.eldesmarque.com/ultimas-noticias,1,2923.0,453.0,2026-05-15 00:00:00,2026-05-15 00:00:00,0,0.0002376538808878749,99.99952469223817
13,blogs.laverdad.es,1,4021.0,672.0,2026-05-20 18:40:13,2026-05-20 18:40:13,0,0.0002376538808878749,99.99976234611906
305,www.vozpopuli.com/motor,1,3571.0,574.0,2025-03-01 09:56:22,2025-03-01 09:56:22,0,0.0002376538808878749,99.99999999999994
